"CA","NL","PE","NS","NB","PQ","ON","MB","SK","AB","BC","YT","NT","NU"
"Aboriginal.identity.population",3.75398954515904,4.68528395357664,1.28907268730673,2.67692035123853,2.45258111582019,1.45812782707687,2.01593745726436,15.473549092866,14.8755045342559,5.7845351627817,4.81238272770001,25.1076515402451,50.2557233317097,84.9616368286445
"North.American.Indian",2.23432133959732,1.55110764866862,0.912782683208524,1.68753944789556,1.72097547418884,0.875280144111578,1.31678761848033,8.87857681636326,9.58221942653457,2.98723572829129,3.18035728091479,20.8015899304405,30.7842182172431,0.341005967604433
"Métis",1.24765412664051,1.29242324364276,0.286874557579822,0.850413580041856,0.593343986660182,0.376282375850687,0.611901591958364,6.33471987578462,5.04481836766787,2.62548155836818,1.45899319774641,2.64988406757204,8.71894788114954,0.443307757885763
"Inuit",0.161582380606529,0.941850941850942,0.0223538616295965,0.0359875538429171,0.025706940874036,0.147258470892245,0.0169175971691498,0.049844951323979,0.0225402316926141,0.0494417838349934,0.0195121472320362,0.844650546538589,10.1315148563078,84.0068201193521
"Non.aboriginal",96.245994450247,95.3157148279099,98.7109273126933,97.323633303436,97.546724101994,98.5418049316122,97.9841041093134,84.5260098013701,85.1244954657441,94.2154648372183,95.1876172723,74.9089102351772,49.7320993667803,15.0213128729753
